numClient;cagnotte;suspendu
32;0;0
660;30;0
5079;75.5;0
8043;50.50;1
69;0.000000;0
2;0.000000;0
1833841416;0.000000;0
1;0.000000;0
4;0.000000;0
5;0.000000;0
888;0.000000;0
345;0.000000;0
12;0.000000;0
13;0.000000;0
14;0.000000;0