numClient;cagnotte;suspendu
32;0;0
660;30;0
5079;75.5;0
8043;50.50;1

1117192192;0.000000;1106247680
1112145920;30.000000;1117192192
1;75.500000;1112145920
6;50.500000;1
0;0.000000;6
0;0.000000;0